Datetime,shares,sharesacc
19/03/2025 00:00:00,0,0
20/03/2025 00:00:00,0,0
21/03/2025 00:00:00,0.5,0.5
22/03/2025 00:00:00,0,0.5
23/03/2025 00:00:00,0,0.5
24/03/2025 00:00:00,0,0.5
25/03/2025 00:00:00,0,0.5
26/03/2025 00:00:00,0,0.5
27/03/2025 00:00:00,0,0.5
28/03/2025 00:00:00,0.5,1
29/03/2025 00:00:00,0,1
30/03/2025 00:00:00,0,1
31/03/2025 00:00:00,0,1
01/04/2025 00:00:00,0,1
02/04/2025 00:00:00,0,1
03/04/2025 00:00:00,0,1
04/04/2025 00:00:00,0,1
05/04/2025 00:00:00,0,1
06/04/2025 00:00:00,0,1
07/04/2025 00:00:00,0.5,1.5
08/04/2025 00:00:00,0,1.5
09/04/2025 00:00:00,0,1.5
10/04/2025 00:00:00,0,1.5
11/04/2025 00:00:00,0,1.5
12/04/2025 00:00:00,0,1.5
13/04/2025 00:00:00,0,1.5
14/04/2025 00:00:00,0.5,2
15/04/2025 00:00:00,0,2
16/04/2025 00:00:00,0,2
17/04/2025 00:00:00,0,2
18/04/2025 00:00:00,0,2
19/04/2025 00:00:00,0,2
20/04/2025 00:00:00,0,2
21/04/2025 00:00:00,0.5,2.5
22/04/2025 00:00:00,0,2.5
23/04/2025 00:00:00,0,2.5
24/04/2025 00:00:00,0,2.5
25/04/2025 00:00:00,0,2.5
26/04/2025 00:00:00,0,2.5
27/04/2025 00:00:00,0,2.5
28/04/2025 00:00:00,0.5,3
29/04/2025 00:00:00,0,3
30/04/2025 00:00:00,0,3
01/05/2025 00:00:00,0,3
02/05/2025 00:00:00,0,3
03/05/2025 00:00:00,0,3
04/05/2025 00:00:00,0,3
05/05/2025 00:00:00,0,3
06/05/2025 00:00:00,0,3
07/05/2025 00:00:00,0.5,3.5
08/05/2025 00:00:00,0,3.5
09/05/2025 00:00:00,0,3.5
10/05/2025 00:00:00,0,3.5
11/05/2025 00:00:00,0,3.5
12/05/2025 00:00:00,0,3.5
13/05/2025 00:00:00,0,3.5
14/05/2025 00:00:00,0.5,4
15/05/2025 00:00:00,0,4
16/05/2025 00:00:00,0,4
17/05/2025 00:00:00,0,4
18/05/2025 00:00:00,0,4
19/05/2025 00:00:00,0,4
20/05/2025 00:00:00,0,4
21/05/2025 00:00:00,0.5,4.5
22/05/2025 00:00:00,0,4.5
23/05/2025 00:00:00,0,4.5
24/05/2025 00:00:00,0,4.5
25/05/2025 00:00:00,0,4.5
26/05/2025 00:00:00,0,4.5
27/05/2025 00:00:00,0,4.5
28/05/2025 00:00:00,0.5,5
29/05/2025 00:00:00,0,5
30/05/2025 00:00:00,0,5
31/05/2025 00:00:00,0,5
01/06/2025 00:00:00,0,5
02/06/2025 00:00:00,0,5
03/06/2025 00:00:00,0,5
04/06/2025 00:00:00,0,5
05/06/2025 00:00:00,0,5
06/06/2025 00:00:00,0,5
07/06/2025 00:00:00,0.5,5.5
08/06/2025 00:00:00,0,5.5
09/06/2025 00:00:00,0,5.5
10/06/2025 00:00:00,0,5.5
11/06/2025 00:00:00,0,5.5
12/06/2025 00:00:00,0,5.5
13/06/2025 00:00:00,0,5.5
14/06/2025 00:00:00,0.5,6
15/06/2025 00:00:00,0,6
16/06/2025 00:00:00,0,6
17/06/2025 00:00:00,0,6
18/06/2025 00:00:00,0,6
19/06/2025 00:00:00,0,6
20/06/2025 00:00:00,0,6
21/06/2025 00:00:00,0.5,6.5
22/06/2025 00:00:00,0,6.5
23/06/2025 00:00:00,0,6.5
24/06/2025 00:00:00,0,6.5
25/06/2025 00:00:00,0,6.5
26/06/2025 00:00:00,0,6.5
27/06/2025 00:00:00,0,6.5
28/06/2025 00:00:00,0.5,7
29/06/2025 00:00:00,0,7
30/06/2025 00:00:00,0,7
01/07/2025 00:00:00,0,7
02/07/2025 00:00:00,0,7
03/07/2025 00:00:00,0,7
04/07/2025 00:00:00,0,7
05/07/2025 00:00:00,0,7
06/07/2025 00:00:00,0,7
07/07/2025 00:00:00,0.5,7.5
08/07/2025 00:00:00,0,7.5
09/07/2025 00:00:00,0,7.5
10/07/2025 00:00:00,0,7.5
11/07/2025 00:00:00,0,7.5
12/07/2025 00:00:00,0,7.5
13/07/2025 00:00:00,0,7.5
14/07/2025 00:00:00,0.5,8
15/07/2025 00:00:00,0,8
16/07/2025 00:00:00,0,8
17/07/2025 00:00:00,0,8
18/07/2025 00:00:00,0,8
19/07/2025 00:00:00,0,8
20/07/2025 00:00:00,0,8
21/07/2025 00:00:00,0.5,8.5
22/07/2025 00:00:00,0,8.5
23/07/2025 00:00:00,0,8.5
24/07/2025 00:00:00,0,8.5
25/07/2025 00:00:00,0,8.5
26/07/2025 00:00:00,0,8.5
27/07/2025 00:00:00,0,8.5
28/07/2025 00:00:00,0.5,9
29/07/2025 00:00:00,0,9
30/07/2025 00:00:00,0,9
31/07/2025 00:00:00,0,9
01/08/2025 00:00:00,0,9
02/08/2025 00:00:00,0,9
03/08/2025 00:00:00,0,9
04/08/2025 00:00:00,0,9
05/08/2025 00:00:00,0,9
06/08/2025 00:00:00,0,9
07/08/2025 00:00:00,0.5,9.5
08/08/2025 00:00:00,0,9.5
09/08/2025 00:00:00,0,9.5
10/08/2025 00:00:00,0,9.5
11/08/2025 00:00:00,0,9.5
12/08/2025 00:00:00,0,9.5
13/08/2025 00:00:00,0,9.5
14/08/2025 00:00:00,0.5,10
15/08/2025 00:00:00,0,10
16/08/2025 00:00:00,0,10
17/08/2025 00:00:00,0,10
18/08/2025 00:00:00,0,10
19/08/2025 00:00:00,0,10
20/08/2025 00:00:00,0,10
21/08/2025 00:00:00,0.5,10.5
22/08/2025 00:00:00,0,10.5
23/08/2025 00:00:00,0,10.5
24/08/2025 00:00:00,0,10.5
25/08/2025 00:00:00,0,10.5
26/08/2025 00:00:00,0,10.5
27/08/2025 00:00:00,0,10.5
28/08/2025 00:00:00,0.5,11
29/08/2025 00:00:00,0,11
30/08/2025 00:00:00,0,11
31/08/2025 00:00:00,0,11
01/09/2025 00:00:00,0,11
02/09/2025 00:00:00,0,11
03/09/2025 00:00:00,0,11
04/09/2025 00:00:00,0,11
05/09/2025 00:00:00,0,11
06/09/2025 00:00:00,0,11
07/09/2025 00:00:00,0.5,11.5
08/09/2025 00:00:00,0,11.5
09/09/2025 00:00:00,0,11.5
10/09/2025 00:00:00,0,11.5
11/09/2025 00:00:00,0,11.5
12/09/2025 00:00:00,0,11.5
13/09/2025 00:00:00,0,11.5
14/09/2025 00:00:00,0.5,12
15/09/2025 00:00:00,0,12
16/09/2025 00:00:00,0,12
17/09/2025 00:00:00,0,12
18/09/2025 00:00:00,0,12
19/09/2025 00:00:00,0,12
20/09/2025 00:00:00,0,12
21/09/2025 00:00:00,0.5,12.5
22/09/2025 00:00:00,0,12.5
23/09/2025 00:00:00,0,12.5
24/09/2025 00:00:00,0,12.5
25/09/2025 00:00:00,0,12.5
26/09/2025 00:00:00,0,12.5
27/09/2025 00:00:00,0,12.5
28/09/2025 00:00:00,0.5,13
29/09/2025 00:00:00,0,13
30/09/2025 00:00:00,0,13
01/10/2025 00:00:00,0,13
02/10/2025 00:00:00,0,13
03/10/2025 00:00:00,0,13
04/10/2025 00:00:00,0,13
05/10/2025 00:00:00,0,13
06/10/2025 00:00:00,0,13
07/10/2025 00:00:00,0.5,13.5
08/10/2025 00:00:00,0,13.5
09/10/2025 00:00:00,0,13.5
10/10/2025 00:00:00,0,13.5
11/10/2025 00:00:00,0,13.5
12/10/2025 00:00:00,0,13.5
13/10/2025 00:00:00,0,13.5
14/10/2025 00:00:00,0.5,14
15/10/2025 00:00:00,0,14
16/10/2025 00:00:00,0,14
17/10/2025 00:00:00,0,14
18/10/2025 00:00:00,0,14
19/10/2025 00:00:00,0,14
20/10/2025 00:00:00,0,14
21/10/2025 00:00:00,0.5,14.5
22/10/2025 00:00:00,0,14.5
23/10/2025 00:00:00,0,14.5
24/10/2025 00:00:00,0,14.5
25/10/2025 00:00:00,0,14.5
26/10/2025 00:00:00,0,14.5
27/10/2025 00:00:00,0,14.5
28/10/2025 00:00:00,0.5,15
29/10/2025 00:00:00,0,15
30/10/2025 00:00:00,0,15
31/10/2025 00:00:00,0,15
01/11/2025 00:00:00,0,15
02/11/2025 00:00:00,0,15
03/11/2025 00:00:00,0,15
04/11/2025 00:00:00,0,15
05/11/2025 00:00:00,0,15
06/11/2025 00:00:00,0,15
07/11/2025 00:00:00,0.5,15.5
08/11/2025 00:00:00,0,15.5
09/11/2025 00:00:00,0,15.5
10/11/2025 00:00:00,0,15.5
11/11/2025 00:00:00,0,15.5
12/11/2025 00:00:00,0,15.5
13/11/2025 00:00:00,0,15.5
14/11/2025 00:00:00,0.5,16
15/11/2025 00:00:00,0,16
16/11/2025 00:00:00,0,16
17/11/2025 00:00:00,0,16
18/11/2025 00:00:00,0,16
19/11/2025 00:00:00,0,16
20/11/2025 00:00:00,0,16
21/11/2025 00:00:00,0.5,16.5
22/11/2025 00:00:00,0,16.5
23/11/2025 00:00:00,0,16.5
24/11/2025 00:00:00,0,16.5
25/11/2025 00:00:00,0,16.5
26/11/2025 00:00:00,0,16.5
27/11/2025 00:00:00,0,16.5
28/11/2025 00:00:00,0.5,17
29/11/2025 00:00:00,0,17
30/11/2025 00:00:00,0,17
01/12/2025 00:00:00,0,17
02/12/2025 00:00:00,0,17
03/12/2025 00:00:00,0,17
04/12/2025 00:00:00,0,17
05/12/2025 00:00:00,0,17
06/12/2025 00:00:00,0,17
07/12/2025 00:00:00,0.5,17.5
08/12/2025 00:00:00,0,17.5
09/12/2025 00:00:00,0,17.5
10/12/2025 00:00:00,0,17.5
11/12/2025 00:00:00,0,17.5
12/12/2025 00:00:00,0,17.5
13/12/2025 00:00:00,0,17.5
14/12/2025 00:00:00,0.5,18
15/12/2025 00:00:00,0,18
16/12/2025 00:00:00,0,18
17/12/2025 00:00:00,0,18
18/12/2025 00:00:00,0,18
19/12/2025 00:00:00,0,18
20/12/2025 00:00:00,0,18
21/12/2025 00:00:00,0.5,18.5
22/12/2025 00:00:00,0,18.5
23/12/2025 00:00:00,0,18.5
24/12/2025 00:00:00,0,18.5
25/12/2025 00:00:00,0,18.5
26/12/2025 00:00:00,0,18.5
27/12/2025 00:00:00,0,18.5
28/12/2025 00:00:00,0.5,19
29/12/2025 00:00:00,0,19
30/12/2025 00:00:00,0,19
31/12/2025 00:00:00,0,19
01/01/2026 00:00:00,0,19
02/01/2026 00:00:00,0,19
03/01/2026 00:00:00,0,19
04/01/2026 00:00:00,0,19
05/01/2026 00:00:00,0,19
06/01/2026 00:00:00,0,19
07/01/2026 00:00:00,0.5,19.5
08/01/2026 00:00:00,0,19.5
09/01/2026 00:00:00,0,19.5
10/01/2026 00:00:00,0,19.5
11/01/2026 00:00:00,0,19.5
12/01/2026 00:00:00,0,19.5
13/01/2026 00:00:00,0,19.5
14/01/2026 00:00:00,0.5,20
15/01/2026 00:00:00,0,20
16/01/2026 00:00:00,0,20
17/01/2026 00:00:00,0,20
18/01/2026 00:00:00,0,20
19/01/2026 00:00:00,0,20
20/01/2026 00:00:00,0,20
21/01/2026 00:00:00,0.5,20.5
22/01/2026 00:00:00,0,20.5
23/01/2026 00:00:00,0,20.5
24/01/2026 00:00:00,0,20.5
25/01/2026 00:00:00,0,20.5
26/01/2026 00:00:00,0,20.5
27/01/2026 00:00:00,0,20.5
28/01/2026 00:00:00,0.5,21
29/01/2026 00:00:00,0,21
30/01/2026 00:00:00,0,21
31/01/2026 00:00:00,0,21
01/02/2026 00:00:00,0,21
02/02/2026 00:00:00,0,21
03/02/2026 00:00:00,0,21
04/02/2026 00:00:00,0,21
05/02/2026 00:00:00,0,21
06/02/2026 00:00:00,0,21
07/02/2026 00:00:00,0.5,21.5
08/02/2026 00:00:00,0,21.5
09/02/2026 00:00:00,0,21.5
10/02/2026 00:00:00,0,21.5
11/02/2026 00:00:00,0,21.5
12/02/2026 00:00:00,0,21.5
13/02/2026 00:00:00,0,21.5
14/02/2026 00:00:00,0.5,22
15/02/2026 00:00:00,0,22
16/02/2026 00:00:00,0,22
17/02/2026 00:00:00,0,22
18/02/2026 00:00:00,0,22
19/02/2026 00:00:00,0,22
20/02/2026 00:00:00,0,22
21/02/2026 00:00:00,0.5,22.5
22/02/2026 00:00:00,0,22.5
23/02/2026 00:00:00,0,22.5
24/02/2026 00:00:00,0,22.5
25/02/2026 00:00:00,0,22.5
26/02/2026 00:00:00,0,22.5
27/02/2026 00:00:00,0,22.5
28/02/2026 00:00:00,0.5,23
01/03/2026 00:00:00,0,23
02/03/2026 00:00:00,0,23
03/03/2026 00:00:00,0,23
04/03/2026 00:00:00,0,23
05/03/2026 00:00:00,0,23
06/03/2026 00:00:00,0,23
07/03/2026 00:00:00,0.5,23.5
08/03/2026 00:00:00,0,23.5
09/03/2026 00:00:00,0,23.5
10/03/2026 00:00:00,0,23.5
11/03/2026 00:00:00,0,23.5
12/03/2026 00:00:00,0,23.5
13/03/2026 00:00:00,0,23.5
14/03/2026 00:00:00,0.5,24
15/03/2026 00:00:00,0,24
16/03/2026 00:00:00,0,24
17/03/2026 00:00:00,0,24
18/03/2026 00:00:00,0,24
19/03/2026 00:00:00,0,24
20/03/2026 00:00:00,0,24
21/03/2026 00:00:00,0.5,24.5
22/03/2026 00:00:00,0,24.5
23/03/2026 00:00:00,0,24.5
24/03/2026 00:00:00,0,24.5
25/03/2026 00:00:00,0,24.5
26/03/2026 00:00:00,0,24.5
27/03/2026 00:00:00,0,24.5
28/03/2026 00:00:00,0.5,25
29/03/2026 00:00:00,0,25
30/03/2026 00:00:00,0,25
31/03/2026 00:00:00,0,25
01/04/2026 00:00:00,0,25
02/04/2026 00:00:00,0,25
03/04/2026 00:00:00,0,25
04/04/2026 00:00:00,0,25
05/04/2026 00:00:00,0,25
06/04/2026 00:00:00,0,25
